{"cameraMode":{"drawMode":0,"name":"Shaded","section":"Shading Mode"},"sceneLighting":true,"audioPlay":false,"sceneViewState":{"m_AlwaysRefresh":false,"showFog":true,"showSkybox":true,"showFlares":true,"showImageEffects":true,"showParticleSystems":true,"showVisualEffectGraphs":true,"m_FxEnabled":true},"in2DMode":false,"pivot":{"x":562.9880981445313,"y":233.58502197265626,"z":-151.79531860351563},"rotation":{"x":-0.0076548438519239429,"y":0.9779115319252014,"z":-0.205685555934906,"w":-0.03639420494437218},"size":435.7143859863281,"orthographic":false}