{"cameraMode":{"drawMode":0,"name":"Shaded","section":"Shading Mode"},"sceneLighting":true,"audioPlay":false,"sceneViewState":{"m_AlwaysRefresh":false,"showFog":true,"showSkybox":true,"showFlares":true,"showImageEffects":true,"showParticleSystems":true,"showVisualEffectGraphs":true,"m_FxEnabled":true},"in2DMode":false,"pivot":{"x":-0.03767991065979004,"y":0.2900278568267822,"z":-0.3064863681793213},"rotation":{"x":-0.0076548438519239429,"y":0.9779115319252014,"z":-0.205685555934906,"w":-0.03639420494437218},"size":3.34346079826355,"orthographic":false}