{"cameraMode":{"drawMode":0,"name":"Shaded","section":"Shading Mode"},"sceneLighting":true,"audioPlay":false,"sceneViewState":{"m_AlwaysRefresh":false,"showFog":false,"showSkybox":false,"showFlares":false,"showImageEffects":false,"showParticleSystems":false,"showVisualEffectGraphs":true,"m_FxEnabled":true},"in2DMode":false,"pivot":{"x":3.4020185470581056,"y":-2.3834991455078127,"z":-13.153908729553223},"rotation":{"x":-0.0029984500724822284,"y":-0.032993897795677188,"z":-0.0000990532644209452,"w":0.9994514584541321},"size":20.609806060791017,"orthographic":true}