{"cameraMode":{"drawMode":0,"name":"Shaded","section":"Shading Mode"},"sceneLighting":true,"audioPlay":false,"sceneViewState":{"showFog":false,"showMaterialUpdate":false,"showSkybox":false,"showFlares":false,"showImageEffects":false,"showParticleSystems":false},"in2DMode":false,"pivot":{"x":0.177210733294487,"y":9.198400497436524,"z":-1.158203125},"rotation":{"x":0.24111244082450868,"y":-0.5251476168632507,"z":0.1581415832042694,"w":0.8006722331047058},"size":13.578587532043457,"orthographic":true}